list_acronym	n_compound	compound_pred_score_median	neg_compare_wilcox_pv	pos_compare_wilcox_pv
illicit	62	0.277242065	3.790387876943e-10	0.000238768200276596
withdrawn	76	0.17493092	9.07664656304159e-06	5.74929964724371e-08
nutraceutical	15	0.044612236	0.999909031219592	4.68277039383595e-08
investigational	899	0.23330082	5.44258838453727e-93	1.81003428122997e-20
approved	711	0.19051152	2.37113823465215e-47	6.20760596227311e-37
experimental	751	0.153692	5.78525065746821e-13	7.57258073576575e-64
