pathway	log_rank_pvalue	log_rank_fdr
TNFR1 proapoptotic	0.138203585911104	0.310958068299983
TNFR1/NF-kB	0.108848457495578	0.310958068299983
TNFR2/NF-kB	0.682278850746237	0.682278850746237
MAPK1/MAPK3	0.446009873760784	0.649073357598372
MAPK6/MAPK4	0.0421410860149657	0.189634887067346
Hippo	0.232813801764635	0.419064843176342
MHC class II	0.00222179782429033	0.019996180418613
TLR3 cascade	0.576954095642998	0.649073357598372
TLR4 cascade	0.573342383942597	0.649073357598372
