list_acronym	n_compound	compound_pred_score_median	neg_compare_wilcox_pv	pos_compare_wilcox_pv
illicit	62	0.1028562825	7.10682334580985e-07	4.94978862392332e-06
nutraceutical	15	0.0280592	0.999357162130788	9.08782463812186e-09
withdrawn	76	0.088741452	0.00216254830282077	4.99020636881188e-11
investigational	899	0.10782418	1.45172160717996e-49	2.33530952418784e-39
approved	711	0.0998133	1.04397346295772e-27	7.79255994221743e-45
experimental	751	0.07876701	7.99098234665433e-09	1.64231427215229e-63
